"Reference","Qty","Value","DNP","Exclude from BOM","Exclude from Board","Footprint","Datasheet"
"BZ1","1","Buzzer","","","","MLT-8530_JHE:MLT-8530_JHE_1","~"
"C1,C2,C3,C4,C5,C6,C7,C8,C9,C13,C15,C16,C17,C23,C24,C25,C26,C27,C28,C29,C30,C31,C32,C34","24","100nF","","","","Capacitor_SMD:C_01005_0402Metric","~"
"C10,C11,C12,C14,C20,C21,C22,C33","8","4.7uF","","","","Capacitor_SMD:C_01005_0402Metric","~"
"C18,C19,C35,C36","4","15p","","","","Capacitor_SMD:C_0201_0603Metric","~"
"C37,C39,C40,C41","4","1uF","","","","Capacitor_SMD:C_0402_1005Metric","~"
"C43,C50,C55","3","1uF","","","","Capacitor_SMD:C_1206_3216Metric_Pad1.33x1.80mm_HandSolder","~"
"C44,C46,C48","3","10uF","","","","Capacitor_SMD:C_1206_3216Metric_Pad1.33x1.80mm_HandSolder","~"
"C45,C47,C49","3","22uF","","","","Capacitor_SMD:C_1206_3216Metric_Pad1.33x1.80mm_HandSolder","~"
"C52","1","47UF","","","","Capacitor_SMD:C_0402_1005Metric","~"
"C53","1","10pF","","","","Capacitor_SMD:C_0201_0603Metric","~"
"C54,C90","2","22PF","","","","","~"
"C56,C69,C83","3","2.2uF","","","","Capacitor_SMD:C_0201_0603Metric","~"
"C57,C59,C62,C64,C65,C68,C73,C77,C78,C80,C81","11","0.22uF","","","","Capacitor_SMD:C_0201_0603Metric","~"
"C58,C60,C61,C70,C72","5","4.7uF","","","","Capacitor_SMD:C_0201_0603Metric","~"
"C63,C71,C74,C79","4","10uF","","","","Capacitor_SMD:C_0201_0603Metric","~"
"C66,C67","2","20pF","","","","Capacitor_SMD:C_0201_0603Metric","~"
"C75,C76","2","12pF","","","","Capacitor_SMD:C_0201_0603Metric","~"
"C82","1","~","","","","Capacitor_SMD:C_0201_0603Metric","~"
"C84,C85,C86,C87,C88,C89","6","100NF","","","","Capacitor_SMD:C_0201_0603Metric","~"
"D2,D31,D32","3","WS2812","","","","LED_SMD:LED_WS2812_PLCC6_5.0x5.0mm_P1.6mm","https://cdn-shop.adafruit.com/datasheets/WS2812.pdf"
"D3,D4,D5,D6,D7,D8,D11,D12,D13,D16,D17,D18,D19,D20,D21","15","BZV55B5V1","","","","Diode_SMD:D_MiniMELF","https://assets.nexperia.com/documents/data-sheet/BZV55_SER.pdf"
"D22","1","LED","","","","LED_SMD:LED_1206_3216Metric","~"
"D23","1","LED","","","","LED_SMD:LED_1206_3216Metric_Pad1.42x1.75mm_HandSolder","~"
"D24,D25","2","BAT54C","","","","Package_TO_SOT_SMD:SOT-23","http://www.diodes.com/_files/datasheets/ds11005.pdf"
"D26,D27,D28,D29","4","1N914WT","","","","Diode_SMD:D_SOD-523","http://www.mouser.com/ds/2/149/1N4148WT-461550.pdf"
"DNP1,DNP2,DNP3,DNP4","4","R","DNP","","","Resistor_SMD:R_2010_5025Metric_Pad1.40x2.65mm_HandSolder","~"
"F1","1","50","","","","FUSE_PTS1206_EAT","PTS120630V012"
"FB1,FB2","2","120","","","","Inductor_SMD:L_0402_1005Metric","~"
"G1","1","SIT1602AI-32-33E-30.000000","","","","SIT1602AI-32-33E-30.000000:OSC_SIT1602AI-32-33E-30.000000",""
"IC1","1","SI4464-B1B-FM","","","","SI4464-B1B-FM:QFN50P400X400X90-21N",""
"IC3","1","AT7456E-1","","","","AT7456E:SOP65P640X120-29N","https://datasheet.lcsc.com/szlcsc/ZHONGKEWEI-AT7456E_C82351.pdf"
"J1,J5,J6","3","USB_C_Receptacle_USB2.0_16P","","","","Connector_USB:USB_C_Receptacle_G-Switch_GT-USB-7010ASV","https://www.usb.org/sites/default/files/documents/usb_type-c.zip"
"J2,J4","2","SM03B-SRSS-TB_LF__SN_","","","","SM03B-SRSS-TB_LF__SN_:JST_SM03B-SRSS-TB_LF__SN_",""
"J3","1","Micro_SD_Card_Det2","","","","Connector_Card:microSD_HC_Molex_104031-0811","https://www.hirose.com/en/product/document?clcode=&productname=&series=DM3&documenttype=Catalog&lang=en&documentid=D49662_en"
"J7,J10,J11","3","Conn_Coaxial","","","","Connector_Coaxial:SMA_Amphenol_901-143_Horizontal","~"
"J8","1","S8411-45R","","","","S8411-45R:HARWIN_S8411-45R",""
"J9","1","Conn_01x02","","","","Connector_PinSocket_1.00mm:PinSocket_1x02_P1.00mm_Vertical","~"
"L1,L3","2","AOTA-B201610S3R3-101-T","","","","AOTAB201610S3R3101T","https://abracon.com/datasheets/AOTA-B201610S3R3-101-T.pdf"
"L5","1","4.7UH","","","","Inductor_SMD:L_0201_0603Metric_Pad0.64x0.40mm_HandSolder","~"
"PROG1","1","DNP","DNP","","","Resistor_SMD:R_2010_5025Metric_Pad1.40x2.65mm_HandSolder","~"
"Q1","1","DMG2302U","","","","Package_TO_SOT_SMD:SOT-23","http://www.diodes.com/assets/Datasheets/DMG2302U.pdf"
"Q2,Q3,Q4","3","2N7002","","","","Package_TO_SOT_SMD:SOT-23","https://www.onsemi.com/pub/Collateral/NDS7002A-D.PDF"
"R1,R2,R15,R16","4","R","","","","Resistor_SMD:R_01005_0402Metric","~"
"R3,R9","2","R","","","","Resistor_SMD:R_01005_0402Metric_Pad0.57x0.30mm_HandSolder","~"
"R5,R14","2","33","","","","Resistor_SMD:R_0201_0603Metric_Pad0.64x0.40mm_HandSolder","~"
"R6,R12","2","1k","","","","Resistor_SMD:R_01005_0402Metric","~"
"R7,R8,R10,R11","4","27","","","","Resistor_SMD:R_0201_0603Metric_Pad0.64x0.40mm_HandSolder","~"
"R13,R33","2","100","","","","Resistor_SMD:R_0201_0603Metric","~"
"R17","1","470","","","","Resistor_SMD:R_0201_0603Metric_Pad0.64x0.40mm_HandSolder","~"
"R20,R34","2","10","","","","Resistor_SMD:R_0201_0603Metric_Pad0.64x0.40mm_HandSolder","~"
"R21,R22","2","5.1k","","","","Resistor_SMD:R_0201_0603Metric","~"
"R25,R26,R27,R31,R36,R37","6","4.7K","","","","Resistor_SMD:R_0201_0603Metric","~"
"R28,R29,R30","3","64","","","","Resistor_SMD:R_0201_0603Metric","~"
"R32","1","470","","","","Resistor_SMD:R_0201_0603Metric","~"
"R35","1","10k","","","","Resistor_SMD:R_0201_0603Metric","~"
"TR1","1","ADT1-1WT","","","","RF_Mini-Circuits:Mini-Circuits_CD542_H2.84mm","https://www.minicircuits.com/pdfs/ADT1-1WT.pdf"
"U1,U12","2","RP2350B","","","","Package_DFN_QFN:QFN-80-1EP_10x10mm_P0.4mm_EP3.4x3.4mm","https://datasheets.raspberrypi.com/rp2350/rp2350-datasheet.pdf"
"U2","1","MIMXRT1062DVJ6B","","","","MIMXRT1062DVJ6B:BGA196C80P14X14_1200X1200X152N",""
"U3,U8,U13","3","TPS2113ADRBR","","","","TPS2113ADRBR:SON65P300X300X100-9N",""
"U4","1","BMP581","","","","BMP581:BMP581",""
"U5","1","BMM350","","","","BMM350:BGA9C40P3X3_128X128X50",""
"U6","1","BMI088","","","","Package_LGA:Bosch_LGA-16_4.5x3mm_P0.5mm_LayoutBorder7x1y_ClockwisePinNumbering","https://www.bosch-sensortec.com/media/boschsensortec/downloads/datasheets/bst-bmi088-ds001.pdf"
"U9","1","AP2112K-1.8","","","","Package_TO_SOT_SMD:SOT-23-5","https://www.diodes.com/assets/Datasheets/AP2112.pdf"
"U10,U11","2","W25Q128JVS","","","","Package_SO:SOIC-8_5.3x5.3mm_P1.27mm","https://www.winbond.com/resource-files/w25q128jv_dtr%20revc%2003272018%20plus.pdf"
"U14,U19,U20,U22","4","TLV75733PDRV","","","","Package_SON:WSON-6-1EP_2x2mm_P0.65mm_EP1x1.6mm","https://www.ti.com/lit/ds/symlink/tlv757p.pdf"
"U15","1","TPS54302","","","","Package_TO_SOT_SMD:SOT-23-6","http://www.ti.com/lit/ds/symlink/tps54302.pdf"
"U16","1","MAX-M10S-00B","","","","MAX-M10S-00B:XCVR_MAX-M10S-00B",""
"U17","1","MKL02Z32VFG4","","","","Package_DFN_QFN:QFN-16-1EP_3x3mm_P0.5mm_EP1.9x1.9mm","http://www.nxp.com/docs/en/data-sheet/KL02P32M48SF0.pdf"
"U18","1","W25Q64JVSSIM","","","","SOIC_208MIL_WIN","W25Q64JVSSIM"
"U21","1","DS3231M","","","","Package_SO:SOIC-16W_7.5x10.3mm_P1.27mm","http://datasheets.maximintegrated.com/en/ds/DS3231.pdf"
"Y1,Y2","2","ABM8-272-T3","","","","ABM8-272-T3:XTAL_ABM8-272-T3",""
"Y3","1","ABMM2-32.768MHZ-E2F-T","","","","ABMM2-32.768MHZ-E2F-T:XTAL_ABMM2-32.768MHZ-E2F-T",""
"Y4","1","24MHZ","","","","Crystal:Crystal_SMD_Abracon_ABM3-2Pin_5.0x3.2mm","~"
"Y5","1","ABMM2-105-27.000MHZ-T","","","","ABMM2-105-27.000MHZ-T:XTAL_ABMM2-105-27.000MHZ-T",""
